SA2_MAINCODE_2016,P_Tot_55_64,P_Tot_65_74,P_Tot_75_84,P_Tot_85ov,P_Tot_Tot
101021007,491,400,151,37,2155
101021008,588,299,128,30,3543
101021009,636,417,215,125,5563
101021010,344,193,77,16,2498
101021011,1796,965,274,45,9241
101021012,876,333,110,35,6100
101031013,217,148,52,29,1011
101031014,572,449,303,128,3424
101031015,365,281,132,25,1720
101031016,685,387,128,31,3903
101041017,759,728,390,149,3612
101041018,849,920,462,182,4249
101041019,874,539,287,111,4004
101041020,1345,758,215,53,4641
101041021,404,311,206,68,1797
101041022,3,7,0,3,16
101041023,305,260,153,90,1460
101041024,418,348,102,24,1760
101041025,1193,1049,584,243,5549
101041026,1034,838,401,105,4186
101041027,1237,1105,480,213,4804
101051539,1702,1224,696,386,10784
101051540,1275,993,404,103,6231
101061541,489,354,221,145,3097
101061542,1187,744,253,56,6011
101061543,682,615,273,98,4317
101061544,626,511,227,81,3193
102011028,740,474,180,43,3947
102011029,1181,977,412,118,5627
102011030,499,345,122,33,2451
102011031,1200,974,735,544,7020
102011032,1554,989,562,245,9827
102011033,453,194,104,15,3012
102011034,571,499,372,243,3521
102011035,581,326,113,40,3198
102011036,699,378,151,70,3853
102011037,553,436,257,96,3234
102011038,622,471,266,102,3550
102011039,1365,968,394,110,7209
102011040,1836,1736,895,508,11255
102011041,918,597,286,94,5094
102011042,1131,941,519,274,6560
102011043,826,684,418,363,5511
102021044,1622,1214,727,476,10172
102021045,583,355,192,47,4123
102021046,749,574,371,113,4223
102021047,1250,761,378,176,7083
102021048,1492,1178,817,527,9579
102021049,361,183,67,10,1731
102021050,813,800,504,141,4769
102021051,467,229,89,26,2414
102021052,441,420,179,46,2541
102021053,1181,1064,544,234,7067
102021054,823,628,436,239,4559
102021055,352,242,148,48,2413
102021056,729,548,326,106,6255
102021057,596,452,216,68,3733
103011058,1818,1186,613,285,11924
103011059,766,526,241,121,4953
103011060,794,596,177,28,3840
103011061,348,363,131,32,2134
103021062,444,293,168,69,2562
103021063,697,532,308,131,3774
103021064,469,363,158,31,2378
103021065,748,542,327,87,4322
103021066,315,286,125,53,1596
103021067,712,501,298,127,4736
103021068,326,203,88,32,1468
103021069,441,272,178,106,2485
103031070,966,748,451,161,5840
103031071,827,666,200,57,4072
103031072,783,556,323,105,5402
103031073,314,282,137,33,1549
103031074,939,751,304,68,4848
103031075,0,0,0,0,0
103041076,615,417,179,62,3332
103041077,1426,1009,668,268,8883
103041078,1236,840,339,106,9242
103041079,1010,746,261,82,5548
104011080,1412,993,632,315,8171
104011081,1805,1150,371,93,7142
104011082,1805,1555,802,278,8023
104021083,749,451,167,49,3084
104021084,1455,1073,568,257,8156
104021085,865,658,528,401,5295
104021086,430,257,82,14,1969
104021087,397,262,120,44,1504
104021088,1017,659,225,58,4669
104021089,1828,1229,580,269,9263
104021090,569,386,233,62,2397
104021091,1280,825,396,120,5893
105011092,240,118,63,25,1650
105011093,302,121,77,19,1960
105011094,278,202,87,35,1687
105011095,297,208,134,44,1973
105011096,480,359,164,22,2506
105021097,1384,897,489,305,7572
105021098,184,111,34,10,1039
105031099,697,554,251,94,3427
105031100,809,404,143,55,4634
105031101,1161,639,444,228,8018
105031102,469,370,203,35,3755
105031103,598,310,98,24,2749
105031104,307,205,133,54,1776
105031105,461,339,174,55,2673
105031106,694,533,264,98,4200
106011107,770,514,124,29,4670
106011108,1373,990,517,220,9363
106011109,836,539,165,45,3946
106011110,876,562,270,91,4296
106011111,1121,727,350,128,6972
106011112,954,459,242,92,7005
106011113,481,301,114,23,2404
106021114,422,212,123,76,3036
106021115,2015,1290,665,216,12601
106021116,676,384,164,78,3805
106021117,1182,822,372,161,9488
106021118,702,303,103,15,4345
106031119,576,474,226,44,2938
106031120,667,615,227,66,3111
106031121,2002,2198,1218,564,11127
106031122,970,623,256,96,5580
106031123,552,293,95,16,2711
106031124,549,803,400,118,2694
106031125,1003,743,293,60,6538
106041126,676,360,163,62,4907
106041127,256,166,76,23,1704
106041128,397,249,143,97,2650
106041129,662,420,204,73,3651
107011131,1569,1212,667,236,10129
107011132,581,261,143,50,3955
107011133,3,0,0,0,9
107011134,1323,737,367,293,7680
107011545,853,394,312,94,5320
107011546,617,335,204,97,3836
107011547,352,281,194,53,1955
107021135,0,7,0,0,7
107031136,1007,492,236,149,6476
107031137,502,337,191,153,3136
107031138,872,768,405,177,4359
107031139,710,425,175,60,3256
107031140,1000,694,306,141,4522
107031141,1183,739,276,68,7921
107031142,859,451,240,84,4553
107031143,1409,1076,546,199,8526
107041144,1610,1125,671,258,10665
107041145,1191,702,373,164,7348
107041146,1617,1130,616,200,10799
107041147,779,393,162,58,4649
107041148,1364,771,289,107,6531
107041150,1671,1015,481,207,10046
107041548,1132,984,563,223,8824
107041549,1023,637,307,122,8560
108011151,441,341,138,36,2074
108011152,1276,1344,820,415,6863
108011153,705,624,234,50,3052
108011154,585,637,441,199,2915
108021155,1151,807,455,271,6568
108021156,1160,683,251,78,4369
108021157,456,372,167,99,2218
108021158,683,622,372,207,3163
108021159,931,566,227,45,3686
108021160,542,529,287,65,2443
108031161,44,19,12,4,223
108041162,1707,1743,980,351,8399
108041163,2654,2154,1220,563,14425
108041164,1313,1389,887,447,8237
108041165,678,433,135,14,2752
108041166,966,694,347,130,5079
108051167,448,463,219,69,2266
108051168,1267,1097,419,155,5471
108051169,1594,1245,808,423,8789
108051170,1553,1202,417,104,6068
108051171,452,312,182,68,2249
109011172,1070,641,332,106,7416
109011173,705,452,235,90,4568
109011174,1022,675,357,198,5540
109011175,1072,664,264,111,5233
109011176,1084,723,420,126,6342
109021177,199,150,89,25,1206
109021178,453,336,147,61,2602
109021179,272,148,85,23,1418
109031180,446,369,237,110,2457
109031181,536,501,260,91,2934
109031182,624,420,242,106,3330
109031183,619,388,184,68,2867
109031184,409,378,228,73,2591
109031185,818,659,353,141,4296
110011186,1903,1289,685,256,11820
110011187,388,283,87,28,1970
110011188,654,473,163,43,3057
110011189,285,264,100,51,1492
110021190,759,643,306,129,3998
110021191,777,678,344,120,4821
110021192,483,292,135,38,2200
110021193,444,364,190,71,2470
110021194,728,568,231,90,3039
110031195,529,377,236,55,3548
110031196,350,171,54,15,2178
110031197,521,284,178,65,3046
110031198,354,211,87,39,1935
110041199,578,377,256,97,3842
110041200,323,197,81,17,1764
110041201,597,427,225,66,3151
110041202,1509,1056,528,172,9083
110041203,1173,775,480,236,7405
110041204,294,149,71,14,1994
110041205,1681,1191,513,144,8522
111011206,1462,1042,639,315,8522
111011207,480,365,162,76,2542
111011208,1839,1213,719,228,11926
111011209,1832,1222,568,256,11211
111011210,547,408,261,115,3567
111011211,364,237,118,93,1788
111011212,1096,872,463,176,5580
111011213,1329,969,361,117,6449
111011214,1196,908,483,145,6712
111021215,693,559,311,168,3942
111021216,778,676,350,87,4301
111021217,692,467,207,153,6075
111021218,1283,1047,796,482,7481
111021219,1244,1059,520,325,6571
111021220,1042,854,288,68,4648
111021221,503,267,90,22,2773
111031222,1142,757,484,173,8017
111031223,486,388,195,51,3107
111031224,1032,649,264,158,6420
111031225,1360,811,363,204,8451
111031226,774,389,113,29,5909
111031227,1120,597,330,218,7616
111031228,1352,751,384,196,7866
111031229,1138,694,287,90,7109
111031230,3,4,0,0,7
111031231,454,290,218,182,4745
111031232,846,635,339,151,4032
111031233,1419,1066,605,386,9404
111031234,832,434,362,430,6248
111031235,671,339,122,47,4640
112011236,1691,1393,881,588,8751
112011237,1857,1288,583,205,8711
112011238,724,411,118,62,3248
112011239,1038,586,205,94,4605
112011240,1156,658,210,103,5874
112011241,518,380,191,52,2438
112011242,908,548,186,57,4247
112011243,1104,630,166,75,4434
112021244,759,608,363,129,4622
112021245,684,419,154,43,2985
112021246,1087,750,407,220,6285
112021247,863,508,192,72,3318
112021248,1410,770,347,188,7406
112021249,2085,1112,315,88,8088
112031250,1249,895,439,222,6712
112031251,776,577,330,214,4152
112031252,1351,705,252,65,5032
112031253,1263,781,372,171,6404
112031254,1793,1469,931,496,9593
112031550,1177,1107,765,315,7104
112031551,316,163,67,20,1558
112031552,551,601,511,240,3585
113011256,1113,661,439,283,7988
113011257,852,437,193,57,5104
113011258,707,448,254,96,4155
113011259,444,355,178,93,2522
113021260,314,235,88,37,1597
113021261,454,317,219,124,2749
113021262,447,304,131,48,2126
113031263,637,512,323,102,3307
113031264,267,177,93,32,1454
113031265,502,309,117,35,3186
113031266,506,371,200,50,2712
113031267,1360,900,384,107,7852
113031268,222,117,88,54,2086
113031269,1496,762,396,178,9417
113031270,824,561,319,154,5893
113031271,1212,728,327,108,6732
114011272,1121,1024,543,199,5027
114011273,414,360,139,51,1864
114011274,494,423,241,78,2444
114011275,12,13,0,0,39
114011276,563,475,169,90,2431
114011277,1537,1071,560,233,7881
114011278,1277,1044,576,279,9484
114011279,1151,1137,635,218,6260
114011280,444,481,261,94,2089
114011281,441,271,77,14,1823
114011282,1527,1419,813,335,7504
114011283,744,560,208,47,2756
114021284,1307,1613,1006,348,7292
114021285,461,272,120,16,2679
114021286,861,761,437,163,4708
114021287,837,741,347,116,4757
114021288,425,379,111,19,1979
114021289,801,827,339,124,3774
115011290,1507,1199,609,278,12201
115011291,1886,1132,350,80,10811
115011294,664,445,308,122,3370
115011296,1628,897,239,72,7125
115011553,603,460,187,40,4135
115011554,477,307,390,643,3281
115011555,1215,815,302,96,6379
115011556,876,624,199,48,5167
115011557,498,252,55,18,2726
115011558,2043,1164,473,262,10564
115011559,1699,822,272,44,11531
115021297,1945,1443,538,170,10787
115021298,526,382,191,105,2803
115031299,284,254,87,12,1509
115031300,2023,1119,356,107,10956
115041301,746,484,182,44,4847
115041302,1352,664,195,42,10831
116011303,763,432,220,124,8247
116011304,975,647,259,95,7705
116011306,1538,743,205,58,10086
116011307,1775,1011,477,212,11720
116011308,1509,945,323,77,11043
116011560,661,347,202,43,5314
116011561,857,422,279,136,7035
116021309,1033,483,129,17,7757
116021310,1594,685,191,37,16521
116021312,838,495,173,43,8002
116021562,237,106,13,12,1879
116021563,1378,636,139,37,10908
116031313,800,541,221,29,5759
116031314,405,165,61,55,3477
116031315,1270,408,111,41,8465
116031316,754,586,297,49,7197
116031317,997,557,284,65,8576
116031318,3,4,0,0,26
116031319,1372,618,199,104,9036
117011320,3,3,0,0,9
117011321,640,306,183,120,5425
117011322,1168,595,357,88,12544
117011323,714,485,241,97,5539
117011324,0,0,0,0,0
117011325,0,3,5,0,50
117021326,1435,728,375,199,14784
117021327,1327,715,255,66,13021
117021328,470,172,77,27,4396
117031329,885,516,158,37,8833
117031330,908,352,110,31,11557
117031331,1493,983,322,120,13402
117031332,1307,583,199,53,16435
117031333,1680,1059,466,319,16746
117031334,1109,710,220,48,14658
117031335,1165,649,330,86,15376
117031336,948,465,255,101,12228
117031337,1265,816,298,104,19241
117031338,1373,860,435,99,20915
118011339,1180,831,383,150,12180
118011340,1142,727,338,160,13843
118011341,1172,873,579,396,10942
118011342,0,0,0,0,0
118011343,2254,2030,950,480,16255
118011344,982,645,274,151,6393
118011345,1157,913,346,116,10631
118011346,1087,852,419,192,6661
118011347,696,678,351,175,5194
118021348,1922,1151,501,194,16155
118021350,1850,1309,639,339,12895
118021564,608,450,237,116,8127
118021565,781,431,192,91,8673
118021566,741,451,257,154,5558
118021567,754,515,286,115,5973
118021568,628,379,182,66,5545
118021569,1116,726,372,289,10831
118021570,880,492,239,175,8480
119011354,1039,757,402,243,8039
119011355,38,12,3,0,474
119011356,476,286,137,57,4154
119011357,1042,610,361,188,9334
119011358,1152,628,423,274,7685
119011359,1853,1076,484,184,11909
119011360,1062,509,324,205,7225
119011361,1006,535,309,168,7624
119011571,658,390,180,92,6778
119011572,697,337,163,71,6113
119021362,896,533,312,100,7941
119021363,1330,620,336,158,13602
119021364,1448,845,463,214,10946
119021366,755,394,211,78,7439
119021367,700,394,227,96,5720
119021573,574,277,159,110,6717
119021574,338,175,64,19,4273
119031368,1171,601,367,173,11757
119031369,1719,902,438,206,12517
119031370,849,491,315,198,6275
119031371,1239,745,282,143,6830
119031372,1350,1024,641,323,8685
119031373,681,394,271,96,4961
119031374,1634,1035,500,239,12254
119041375,864,466,221,99,11833
119041376,1544,814,563,458,12734
119041377,758,514,265,106,5801
119041378,570,314,198,92,6243
119041379,1070,590,253,95,8170
119041380,878,614,359,138,7094
119041381,880,532,337,322,10758
119041382,1288,913,478,220,8044
120011383,1890,1273,544,212,11722
120011384,1296,612,243,91,14987
120011385,1575,1065,434,283,10727
120011386,1636,1008,454,232,11369
120021387,1639,1202,352,81,10217
120021388,2018,1112,362,128,15978
120021389,1178,665,166,46,8532
120031390,1580,861,493,280,14510
120031391,1486,752,390,198,13281
120031392,751,390,158,41,5524
120031393,1141,657,362,201,8590
120031394,1206,561,243,92,9945
120031395,1096,552,214,133,7653
120031396,692,285,158,44,9393
120031575,1620,980,549,299,14222
120031576,266,140,52,14,1806
121011398,1745,1112,608,340,16726
121011399,1545,976,458,232,12943
121011400,2398,1675,781,366,16065
121011401,714,411,147,49,7142
121011402,2372,1485,700,358,14153
121021403,1805,978,382,125,9870
121021404,1077,722,250,66,6267
121021406,1686,1166,629,189,10178
121021577,658,353,179,76,6845
121021578,908,608,300,135,6045
121021579,605,438,352,211,5740
121031407,2044,1368,750,514,12459
121031408,2198,1533,791,374,13361
121031409,1531,1065,473,219,9207
121031410,1839,1472,944,370,11560
121031411,1719,1414,1081,756,11209
121031412,1811,1233,723,418,10342
121041413,1795,1431,559,163,12810
121041414,1416,1018,444,138,12804
121041415,2832,2278,1060,550,17816
121041416,1556,1200,585,298,12854
121041417,1057,803,287,64,7912
122011418,1796,1152,522,209,11287
122011419,1762,1306,572,308,14571
122021420,1525,1144,496,186,6983
122021421,1179,946,525,272,6087
122021422,1552,1054,428,110,7489
122021423,2078,1514,848,443,13014
122031424,1060,656,414,172,6878
122031425,569,465,239,105,3820
122031426,1664,920,465,159,14153
122031427,937,664,534,197,6504
122031428,1899,1664,966,411,13129
122031429,1504,810,288,146,12230
122031430,1193,776,450,316,9068
122031431,1956,1382,849,778,13970
122031432,348,246,115,48,1929
123011433,1024,734,417,384,6485
123011434,1213,635,244,50,9284
123011435,1348,646,186,40,12165
123021436,952,741,245,56,7316
123021437,1124,780,375,139,8155
123021438,1359,557,156,41,8157
123021439,0,0,0,0,0
123021440,1426,700,216,87,9277
123021441,1108,889,279,60,7174
123021442,1392,776,387,243,10435
123021443,1229,542,141,55,8102
123021444,1506,816,262,105,8635
123031445,431,257,144,35,2527
123031446,699,410,161,61,4639
123031447,1283,746,378,175,7827
123031448,808,413,140,30,4231
124011449,698,606,236,53,3237
124011450,2044,1369,514,126,10443
124011451,4,0,0,0,10
124011452,1745,1348,557,184,7809
124011453,1310,775,264,73,6139
124011454,2313,1487,660,333,11637
124011455,771,703,326,113,3536
124021456,0,3,0,0,4
124031457,1046,589,162,43,6384
124031458,1303,548,210,39,10188
124031459,1034,805,315,79,6690
124031460,1300,504,180,28,9142
124031461,1089,787,297,80,7465
124031462,971,604,242,129,8530
124031463,606,388,143,35,4399
124031464,753,542,314,192,6257
124031465,376,170,65,6,2245
124041466,918,665,425,178,6434
124041467,907,450,227,68,6548
124041468,434,251,78,13,3701
124051469,457,149,26,8,2785
124051470,1550,590,130,34,8262
124051580,572,348,132,24,4317
124051581,835,499,297,144,6462
125011473,955,425,96,21,12117
125011475,0,0,0,0,0
125011582,528,247,143,78,6275
125011583,304,128,79,20,4640
125011584,332,184,84,54,2943
125011585,421,219,114,35,3441
125011586,1103,460,211,101,9280
125011587,271,129,69,27,1947
125021476,2361,1468,869,327,14628
125021477,1359,752,353,160,10167
125021478,1331,733,401,120,9108
125031479,879,483,291,147,6908
125031480,650,404,255,231,5338
125031481,865,422,174,52,8684
125031482,1430,1108,452,128,11599
125031483,820,434,224,96,7348
125031484,951,468,295,199,8022
125031485,1248,703,304,136,11831
125031486,0,0,0,0,7
125031487,0,0,0,0,4
125041489,1252,636,270,165,12559
125041490,716,565,204,60,4202
125041491,973,685,359,229,12031
125041492,885,486,210,88,17741
125041493,1498,907,585,233,10774
125041494,724,648,281,75,5362
125041588,630,349,190,110,6066
125041589,832,385,234,113,8211
126011495,2508,1381,745,315,15761
126011496,2074,1454,777,397,11883
126021497,2185,1272,566,228,13850
126021498,1190,805,359,160,8166
126021499,944,768,389,454,5733
126021500,1241,767,506,444,13295
126021501,1015,544,375,147,6533
126021503,1233,662,303,87,11586
126021590,417,237,84,50,2244
126021591,1712,1062,590,356,15054
127011504,723,392,307,67,5323
127011505,486,378,138,64,3512
127011506,874,538,196,48,8190
127011592,0,0,3,3,25
127011593,421,172,46,4,2870
127011594,612,237,87,17,4272
127011595,604,222,64,9,4681
127011596,478,194,42,17,4523
127011597,600,228,76,11,6146
127021509,718,351,99,19,5119
127021510,1267,647,247,55,7242
127021511,824,517,284,184,7054
127021512,639,410,212,56,5417
127021513,666,400,203,101,6005
127021514,543,234,74,10,3495
127021515,766,382,194,77,5650
127021516,720,489,243,56,5921
127021517,456,258,100,20,2839
127021518,281,164,99,58,1936
127021519,975,573,319,78,6559
127021520,566,361,113,31,3718
127021521,3,0,0,0,11
127031522,918,447,222,83,6706
127031523,1074,817,222,83,8328
127031524,1184,530,206,100,9898
127031598,1321,770,370,118,11607
127031599,511,334,195,46,3959
127031600,824,304,118,100,7261
127031601,300,157,88,25,2691
128011529,1513,955,500,160,9241
128011530,1322,838,643,390,9337
128011531,1159,978,753,493,8042
128011602,748,501,252,170,6090
128011603,1175,699,407,153,6231
128011604,2336,1484,625,262,13889
128011605,357,194,105,35,1715
128011606,770,438,205,92,4141
128021533,530,352,221,130,3295
128021534,1385,562,152,61,5464
128021535,2169,965,278,136,10670
128021536,1868,1259,462,223,11131
128021537,0,0,0,0,22
128021538,1418,991,612,419,11529
128021607,1095,1010,415,157,8301
128021608,622,391,171,40,3679
128021609,451,149,40,11,1938
197979799,43,60,25,3,212
199999499,1142,722,150,41,7741
201011001,699,456,208,45,5365
201011002,1113,766,413,152,6447
201011003,1786,1208,609,252,11411
201011004,1555,1116,559,243,11225
201011005,691,434,158,40,3606
201011006,390,284,133,55,2959
201011007,330,173,56,13,1783
201011008,796,674,462,182,6061
201021009,520,353,102,49,2820
201021010,812,581,270,106,3845
201021011,1204,869,297,121,4992
201021012,538,346,101,18,2757
201031013,385,300,104,34,1488
201031014,439,361,107,57,2162
201031015,422,284,86,25,2096
201031016,531,554,317,140,3255
201031017,510,444,153,32,2281
202011018,1106,744,443,260,7218
202011019,777,573,281,92,5094
202011020,1121,869,528,269,6662
202011021,708,440,207,155,4611
202011022,1317,1031,633,336,8930
202011023,340,201,52,10,2319
202011024,691,392,154,29,4060
202011025,759,416,163,46,5297
202021026,710,419,105,28,3548
202021027,1126,871,495,210,6084
202021028,1168,832,274,81,4625
202021029,482,383,203,45,2136
202021030,893,722,306,111,4911
202021031,713,532,177,72,3770
202031032,418,258,75,28,1969
202031033,679,465,225,87,3077
203011034,390,245,85,26,2909
203011035,607,353,91,22,3242
203011036,591,349,139,49,2877
203021037,957,705,416,241,7206
203021038,1380,934,493,145,9676
203021039,1178,642,283,120,7089
203021040,1388,809,419,182,10167
203021041,1402,1097,653,445,11515
203021042,1915,1228,644,243,11593
203021043,1208,701,271,81,8676
203021044,875,762,365,117,6082
203021045,944,737,480,199,6336
203021046,1001,597,289,148,5543
203021047,964,674,444,323,6729
203031048,1223,950,559,184,6599
203031049,674,572,247,88,3026
203031050,2235,1613,562,210,12320
203031051,900,909,379,173,3870
203031052,537,626,329,127,2501
203031053,1577,1129,414,129,9764
204011054,684,652,254,96,3185
204011055,670,567,272,119,3027
204011056,969,675,323,96,6216
204011057,915,770,287,94,4532
204011058,413,283,136,52,1919
204011059,512,352,202,118,2823
204011060,378,241,81,15,2142
204011061,16,7,11,0,91
204011062,411,362,130,34,1774
204021063,860,746,419,193,4745
204021064,500,305,89,21,1889
204021065,366,259,113,52,1786
204021066,1401,986,652,429,8634
204021067,1074,706,207,51,4847
204031068,583,430,193,75,2723
204031069,911,712,295,99,4428
204031070,345,184,68,22,1527
204031071,476,278,151,78,2120
204031072,616,477,190,63,2903
204031073,1044,633,235,90,6656
204031074,1730,1074,479,189,11554
204031075,482,324,98,34,2286
205011076,1155,913,440,139,7336
205011077,680,460,166,32,2986
205011078,713,473,186,70,3654
205011079,1514,1218,539,177,8971
205021080,0,0,0,0,0
205021081,1116,963,590,317,6904
205021082,772,602,215,51,3644
205021083,0,0,0,0,0
205021084,1078,1095,451,176,4967
205021085,663,616,259,79,2955
205021086,711,824,386,128,3315
205031087,980,815,323,113,4359
205031088,17,19,4,0,61
205031089,812,550,225,82,4112
205031090,916,744,322,99,5045
205031091,1084,988,429,216,5327
205031092,0,0,0,0,10
205031093,2028,1898,946,348,10587
205041094,1154,718,217,55,5617
205041095,1297,939,530,219,7377
205041096,969,717,431,151,5875
205041097,1913,1211,694,287,12644
205041098,419,203,79,21,2110
205051099,3,0,0,0,9
205051100,443,364,146,24,2153
205051101,1208,793,369,129,6294
205051102,384,184,72,13,2583
205051103,1090,717,385,181,6827
205051104,592,425,186,71,2460
206011105,1318,598,243,86,16275
206011106,520,268,108,36,7234
206011107,794,401,175,95,8167
206011108,1478,624,272,125,13810
206011109,615,258,141,93,4801
206021110,730,285,119,41,5189
206021111,1681,753,342,174,14829
206021112,991,441,232,133,10599
206031113,1033,483,160,53,8280
206031114,2244,1066,503,307,15213
206031115,529,269,129,48,5861
206031116,1107,576,210,115,7969
206041117,559,404,200,84,11154
206041118,605,330,76,8,7827
206041119,526,424,146,82,3801
206041120,4,3,0,0,71
206041121,613,305,100,30,6941
206041122,952,513,136,44,24439
206041123,864,525,226,57,13766
206041124,324,269,208,257,4483
206041125,521,516,251,182,4457
206041126,873,526,143,34,13684
206041127,0,0,0,0,0
206051128,1377,1073,358,141,9925
206051129,1180,534,186,57,10278
206051130,1403,880,319,101,10184
206051131,0,0,0,0,5
206051132,837,632,271,114,7657
206051133,1878,1044,417,219,18873
206051134,931,542,212,78,10868
206061135,690,584,308,125,5825
206061136,1110,668,389,164,13572
206061137,1115,859,443,130,14991
206061138,1373,1300,657,286,8474
206071139,430,262,75,43,5791
206071140,646,576,174,61,5777
206071141,437,193,91,47,5635
206071142,670,376,177,63,6944
206071143,978,659,254,69,8202
206071144,1623,1064,368,100,20061
206071145,807,519,133,51,5880
207011146,718,376,161,123,4214
207011147,1533,1071,595,347,8851
207011148,1844,1124,577,339,10593
207011149,2007,1454,764,468,12492
207011150,1595,953,407,140,9291
207011151,1533,1107,502,217,14960
207011152,1166,775,373,193,9584
207011153,2412,1664,797,425,14825
207011154,540,372,166,69,3593
207011155,1750,1125,528,300,9391
207021156,738,559,427,131,5471
207021157,1422,1129,877,273,10930
207021159,1632,1194,546,230,8743
207021160,925,909,657,329,7228
207021424,1320,864,421,173,7443
207021425,843,708,533,209,7094
207031161,1610,1084,714,395,11718
207031162,782,522,432,239,5582
207031163,1315,719,493,287,11094
207031164,1334,805,465,201,9340
207031165,625,433,332,227,6479
207031166,663,539,397,88,5250
207031167,1063,611,256,161,5855
208011168,1498,981,491,270,7358
208011169,2462,1808,899,460,13164
208011170,1558,956,515,386,8646
208011171,810,460,243,138,5756
208011172,1619,1000,429,180,9527
208011173,1718,1261,568,377,9485
208021174,1824,926,512,335,11880
208021176,1186,692,371,155,10853
208021177,1789,1227,531,366,12257
208021178,1566,1182,509,300,10075
208021179,955,597,246,118,6695
208021180,448,194,120,52,4010
208021181,687,305,170,89,5321
208021182,928,498,202,79,7961
208021426,1032,520,305,162,7458
208021427,958,555,306,158,6599
208031183,629,283,174,39,4243
208031184,7,0,0,0,21
208031185,990,621,303,108,5850
208031186,1005,700,427,289,7730
208031187,357,241,124,17,2479
208031188,1443,920,611,403,11474
208031189,956,545,341,143,6712
208031190,1007,699,417,208,7079
208031191,557,370,195,110,4471
208031192,0,0,0,0,0
208031193,1582,852,452,277,10406
208041194,1655,1229,726,334,12252
208041195,1719,1067,500,243,12252
209011196,548,517,243,105,4744
209011197,1769,1081,441,173,10428
209011198,1147,757,536,308,8396
209011199,855,478,246,174,7147
209011200,1129,658,253,93,6680
209011201,917,650,223,109,4492
209011202,1448,1116,446,135,8753
209011203,1329,965,524,297,9573
209011204,594,376,265,62,4462
209021205,518,273,190,144,5748
209021207,1259,779,577,400,13360
209021208,1077,649,399,210,10945
209021428,991,489,264,155,10598
209021429,663,276,172,51,6293
209031209,2436,1445,474,131,12270
209031210,377,186,53,11,1799
209031211,381,188,46,4,1995
209031212,646,373,115,33,2904
209031213,801,455,156,43,4571
209031214,739,427,113,31,3646
209031215,1144,594,211,65,6835
209041216,361,168,115,43,3539
209041217,397,295,155,31,2950
209041219,845,592,321,91,8396
209041220,1237,451,202,70,7840
209041221,848,408,130,38,5388
209041223,836,565,292,73,7307
209041224,970,507,157,30,7130
209041225,634,447,174,64,3818
209041430,787,477,96,28,9256
209041431,664,272,142,63,5273
209041432,402,276,86,41,3445
209041433,290,128,34,8,4738
209041434,578,326,93,15,7536
209041435,454,171,48,9,5176
209041436,561,300,178,42,5059
209041437,242,114,37,9,4215
210011226,441,295,183,76,3630
210011227,0,0,0,0,0
210011228,601,532,198,83,3879
210011229,1438,1298,854,271,11783
210011230,458,239,151,84,3409
210011231,872,427,217,108,4798
210021232,995,739,278,115,6415
210021233,416,292,100,18,1894
210021234,395,233,70,14,2032
210021235,875,530,167,54,4541
210031236,372,196,131,123,3934
210031237,486,259,288,176,5450
210031239,1263,566,424,278,12020
210031438,837,521,458,278,10324
210031439,141,92,73,21,1377
210031440,222,152,143,46,2249
210041240,1058,500,189,63,5850
210041241,1831,1082,492,185,12380
210051242,500,273,194,58,5052
210051243,466,399,240,47,5023
210051245,1147,813,319,79,7462
210051246,1037,449,114,24,6959
210051247,514,240,126,23,4596
210051248,16,6,3,0,131
210051249,697,265,94,34,7144
210051250,386,281,114,30,2975
210051441,423,203,54,10,3275
210051442,321,89,31,3,4549
210051443,687,231,68,18,6499
210051444,276,124,63,28,5972
210051445,133,74,25,7,1590
211011251,696,548,368,127,5956
211011254,1059,686,309,70,7386
211011255,562,167,63,9,3110
211011256,1273,512,246,76,7300
211011257,545,247,138,48,3753
211011258,803,406,195,34,5007
211011259,1263,762,347,197,7048
211011260,1645,871,485,359,9020
211011446,1546,1129,606,307,11142
211011447,922,731,380,147,6880
211011448,1100,640,262,72,6991
211011449,330,176,66,17,2074
211021261,1436,984,498,214,8264
211021262,1101,612,254,82,5276
211031263,796,430,169,182,5726
211031265,1554,801,326,112,8934
211031266,1012,727,428,220,8697
211031267,1415,1063,594,226,10546
211031268,890,534,274,86,4916
211031450,972,756,392,140,7522
211031451,893,703,499,256,6608
211031452,290,243,111,15,2298
211041269,684,485,382,169,5484
211041270,1057,722,409,121,8673
211041271,708,479,321,254,6306
211041272,732,575,323,72,5301
211041273,1010,868,380,130,5912
211051274,1034,497,159,32,5263
211051275,757,556,196,59,4703
211051276,1199,886,401,117,6675
211051277,579,483,265,181,4374
211051278,1268,885,415,142,8716
211051279,470,356,87,44,2655
211051280,576,380,190,127,3401
211051281,1474,938,427,148,10351
211051282,1229,850,239,63,5610
211051283,738,445,160,38,4717
211051284,964,485,133,35,5139
211051285,599,359,132,40,3569
211051286,1396,949,300,98,7509
212011287,716,360,119,22,6122
212011288,684,443,160,49,3999
212011289,1734,948,307,109,8975
212011290,446,330,153,58,3115
212011291,781,487,220,76,8140
212011292,1180,860,444,185,12099
212021293,1678,1055,751,354,10993
212021294,1209,561,194,27,11431
212021295,477,343,225,73,4221
212021297,643,342,186,61,4379
212021299,722,356,142,89,3648
212021453,918,460,156,101,5406
212021454,1114,563,190,32,6088
212021455,761,311,148,28,5823
212021456,765,411,170,68,5947
212031300,1101,609,253,94,8359
212031301,675,529,326,98,11495
212031302,813,382,123,33,8494
212031303,602,354,162,105,4036
212031304,495,191,71,21,6480
212031305,1343,574,248,44,10103
212031306,559,213,67,17,6616
212031308,594,342,125,34,3445
212031457,742,324,131,13,5476
212031458,751,316,108,24,6602
212041309,778,535,246,71,5269
212041310,465,314,179,40,5885
212041311,1216,751,530,240,12189
212041312,1265,874,417,136,9316
212041313,810,595,294,123,4867
212041314,1176,799,306,93,10362
212041316,398,295,132,26,3047
212041317,753,508,366,201,8363
212041318,431,375,167,82,4239
212041459,602,355,226,99,5893
212041460,766,585,321,112,7166
212051319,1134,684,365,188,10031
212051320,620,356,285,210,11693
212051321,1674,1352,802,309,11135
212051322,1450,835,672,242,10132
212051323,1276,795,668,205,8319
212051324,1319,886,611,301,9821
212051325,1230,882,494,210,9623
212051326,1210,578,395,298,11175
212051327,1653,1463,768,362,10288
213011328,343,223,114,65,3582
213011329,404,176,31,3,3655
213011330,994,629,237,55,10609
213011331,450,188,55,15,3148
213011332,886,500,149,39,5399
213011333,671,511,151,30,4828
213011334,819,598,326,106,7785
213011335,709,481,247,71,6267
213011336,464,212,137,85,4349
213011337,445,252,161,102,4124
213011338,724,555,269,77,6919
213011339,566,275,137,148,5473
213011340,1416,577,157,59,7699
213021341,929,626,351,165,6605
213021342,1194,625,241,98,8520
213021343,523,353,361,172,5915
213021344,1177,462,205,128,9417
213021345,315,116,49,13,2341
213021346,1572,873,310,139,8396
213031347,735,340,187,106,8269
213031348,722,356,192,105,9645
213031349,678,273,83,35,6682
213031350,465,174,75,67,5272
213031351,522,225,91,48,6148
213031352,823,303,176,114,8150
213041353,1335,922,356,149,8964
213041355,891,328,71,10,8791
213041356,1157,733,252,61,7601
213041357,1152,702,256,93,9649
213041358,853,432,111,20,7077
213041359,164,76,29,3,1949
213041360,560,272,119,28,7678
213041461,240,136,69,54,1901
213041462,177,71,6,0,2459
213041463,834,382,122,7,8764
213051361,1227,538,150,40,8281
213051362,1257,793,257,78,8276
213051363,351,168,67,20,4507
213051365,932,448,177,33,15673
213051366,570,217,70,8,11844
213051368,768,479,246,82,5124
213051369,896,428,141,34,9947
213051464,568,225,42,10,5954
213051465,817,427,159,33,10786
213051466,363,175,29,8,7286
213051467,1150,591,309,212,8246
213051468,840,403,150,35,5462
214011370,1177,636,330,229,9178
214011371,1822,1118,602,232,11487
214011372,1167,961,530,187,8836
214011373,1593,1127,631,370,9251
214011374,1677,954,359,100,11201
214011375,1205,821,447,153,8341
214011376,755,378,116,17,5851
214021377,1001,972,471,209,5477
214021378,795,636,250,83,3132
214021379,1826,1348,676,200,10586
214021380,1862,1952,1229,497,12097
214021381,1721,1368,703,202,9278
214021382,1494,1265,681,287,9335
214021383,1632,1833,902,271,8977
214021384,1629,1697,1232,600,10064
214021385,1501,865,375,139,8626
215011386,642,492,248,86,3888
215011387,372,241,96,27,1535
215011388,1187,741,391,196,7128
215011389,329,189,67,51,1558
215011390,550,317,180,94,2764
215011391,283,230,108,37,1366
215011392,682,531,246,89,3602
215011393,214,172,79,45,1138
215011394,565,398,207,150,2836
215021395,509,269,125,24,2916
215021396,360,209,93,36,1970
215021398,313,158,71,31,1469
215021399,453,282,127,62,2444
215021469,1150,829,468,193,7862
215021470,883,631,341,169,6033
215031400,565,345,219,138,2643
215031401,520,412,194,44,2656
215031402,299,234,153,57,1655
215031403,210,118,60,33,1195
215031404,666,478,278,133,4696
215031405,568,339,131,49,2806
216011406,1066,824,482,218,6555
216011407,777,588,318,157,4738
216011408,344,160,79,15,1638
216011409,281,196,136,70,1582
216011410,389,265,139,34,1721
216021411,384,376,218,72,2508
216021412,265,157,54,14,1168
216021413,947,637,341,101,5082
216021414,625,593,376,170,3665
216031415,571,405,201,59,3297
216031416,1201,711,382,214,8175
216031417,1340,940,473,198,9225
216031418,317,177,55,14,1678
216031419,749,507,214,76,4512
217011420,771,563,220,77,3837
217011421,798,591,318,171,4495
217011422,906,574,292,127,4750
217011423,624,378,132,75,2860
217031471,252,245,141,49,1502
217031472,855,571,342,162,5069
217031473,475,340,113,26,2402
217031474,469,327,166,68,2299
217031475,519,281,151,55,2931
217031476,470,345,109,37,1928
217041477,541,285,121,53,2894
217041478,845,585,230,101,4463
217041479,1479,947,497,168,9492
217041480,1019,739,394,236,6305
297979799,10,0,0,0,25
299999499,526,263,61,19,4580
301011001,1239,617,252,128,7369
301011002,675,289,139,28,3581
301011003,1176,748,385,287,7160
301011004,1336,773,277,121,7995
301011005,348,186,75,18,1833
301011006,1036,565,200,70,5596
301021007,1517,1129,652,297,7549
301021008,576,384,200,82,2975
301021009,1068,751,320,85,7131
301021011,493,297,69,16,3759
301021012,1083,626,281,154,6945
301021013,1136,887,626,367,7055
301021527,1102,1192,401,68,4569
301031014,0,0,0,0,3
301031015,731,398,169,89,3903
301031016,767,466,238,94,5362
301031017,282,110,35,7,2081
301031018,545,358,144,23,4173
301031019,466,215,70,15,4264
301031020,1065,622,296,126,6570
301031021,844,590,309,204,6656
302011022,399,232,85,34,3256
302011023,724,439,173,64,4161
302011024,631,462,368,291,4819
302011025,526,364,214,79,4666
302011026,637,360,128,26,3850
302021027,899,668,445,187,6263
302021028,444,309,315,354,5111
302021029,429,240,188,36,3083
302021030,255,141,98,33,2097
302021031,811,343,169,90,7523
302021032,342,198,110,57,3478
302021033,471,308,214,116,3434
302021034,679,311,127,96,5076
302031035,624,419,210,57,4340
302031036,16,12,0,0,143
302031037,79,47,14,7,519
302031038,406,191,71,38,3517
302031039,598,303,192,206,4771
302031040,711,340,181,128,7266
302041041,1054,678,240,57,7806
302041042,723,419,189,68,4687
302041043,238,148,97,39,1759
302041044,577,362,256,197,3593
302041045,621,407,278,126,6022
302041046,466,230,172,80,4317
303011047,685,322,129,81,5980
303011048,320,140,87,37,3070
303011049,663,413,304,212,5866
303011050,450,257,82,43,3523
303011051,1593,773,325,124,8099
303021052,675,314,118,59,7024
303021053,1075,553,327,163,9685
303021054,302,139,65,19,2845
303021055,516,285,114,60,5654
303021056,512,249,114,121,4350
303021057,439,233,140,53,3533
303021058,269,135,60,24,3492
303021059,813,446,259,137,5741
303031060,957,535,224,46,7845
303031061,341,279,121,36,3114
303031062,564,401,194,43,4168
303031063,866,530,313,145,8064
303031064,453,224,88,13,3213
303031065,394,283,279,137,4868
303031066,727,489,264,125,5444
303041067,279,176,103,31,2924
303041068,605,376,177,71,5719
303041069,273,241,121,38,2719
303041070,401,201,126,50,3716
303041071,754,431,219,101,5718
303051072,487,374,154,117,4082
303051073,1258,605,216,53,10624
303051074,248,88,28,5,2154
303051075,847,339,148,74,7109
303051076,461,312,185,73,4190
303061077,477,268,120,67,3822
303061078,816,430,133,24,7293
303061079,510,380,188,47,4426
303061080,1069,790,347,245,9006
304011081,660,573,207,77,4140
304011082,621,378,108,35,3631
304011083,314,180,41,13,2053
304011084,832,454,252,230,5262
304011085,488,282,78,15,2336
304021086,731,495,240,59,5248
304021087,778,561,270,213,3995
304021088,1127,788,270,113,6110
304021089,390,241,103,17,2224
304021090,703,600,361,109,4924
304021091,567,355,187,120,3017
304031092,631,396,153,93,4097
304031093,392,255,104,78,2632
304031094,936,578,242,141,7323
304031095,462,295,99,34,3262
304031096,595,503,230,83,6794
304031097,497,424,214,100,5439
304041098,352,203,111,57,4377
304041099,3,3,0,0,15
304041100,373,290,242,151,3374
304041101,513,271,120,87,4339
304041102,0,0,0,0,0
304041103,1514,1055,476,147,9001
304041104,693,403,118,79,4861
305011105,669,303,117,20,6820
305011106,303,168,29,18,5109
305011107,515,199,87,56,3898
305011108,672,445,120,39,5583
305011109,1037,709,325,244,8853
305011110,401,207,83,21,4695
305011111,321,142,53,23,4102
305011112,710,309,110,45,6169
305021113,326,128,49,16,2387
305021114,501,251,100,31,3934
305021115,367,200,83,21,3562
305021116,383,148,45,10,2825
305021117,647,293,142,60,7362
305021118,422,191,58,23,3604
305031119,172,64,33,28,1732
305031120,364,201,90,31,3491
305031121,473,291,107,52,3040
305031122,788,452,209,87,6118
305031123,271,128,57,24,2232
305031124,527,330,148,61,3957
305031125,399,242,80,44,2498
305031126,399,224,89,82,6024
305031127,305,152,62,69,2952
305031128,767,421,149,17,7915
305031129,312,117,51,15,2225
305031130,352,206,95,51,4375
305031131,630,286,94,51,5622
305041132,1102,533,200,78,7315
305041133,363,280,76,15,3563
305041134,798,447,168,80,5440
305041135,804,381,117,33,6807
305041136,412,198,66,16,3652
305041137,707,432,207,60,7003
306011138,460,186,48,17,2670
306011139,1083,710,217,38,5699
306011140,358,197,54,3,2032
306011141,962,422,167,59,6360
306011142,1108,583,212,36,7137
306011143,714,418,113,38,3539
306021144,370,182,58,6,3235
306021145,882,511,186,53,6981
306021146,655,431,197,65,3873
306021147,541,314,107,20,4367
306021148,635,367,138,38,3870
306021149,754,384,193,52,4676
306021150,0,0,0,0,0
306021151,402,233,92,13,2780
306021152,366,236,110,31,2561
306021153,552,281,84,13,3700
306021154,427,267,178,152,3306
306021155,317,193,82,43,2076
306021156,773,441,186,79,4312
306021157,347,221,82,32,2122
306031158,423,238,108,26,1921
306031159,725,423,258,66,3939
306031160,727,408,175,43,3393
306031161,943,655,273,71,4651
306031162,0,0,0,0,0
306031163,60,18,3,0,605
306041164,623,384,155,54,3157
306041165,566,323,155,42,3052
306051166,865,652,387,132,4825
306051167,580,467,175,42,2498
306051168,557,370,112,17,2437
306051169,913,731,297,82,4109
306051170,669,567,282,86,4542
307011171,262,146,59,21,1698
307011172,430,228,116,49,3409
307011173,384,213,116,35,2623
307011174,278,203,92,34,1624
307011175,241,134,68,19,1780
307011176,372,167,100,41,3140
307011177,362,194,81,28,2223
307011178,344,287,108,8,1830
307021179,678,593,271,62,3645
307021180,482,228,134,31,2769
307021181,263,157,77,42,1369
307021182,335,220,136,104,2323
307021183,929,559,284,120,6850
307031184,403,280,113,24,2076
307031185,387,254,98,26,1746
307031186,417,336,98,39,1944
307031187,405,367,237,92,2213
307031188,551,459,136,25,2546
307031189,930,780,445,186,5969
308011190,326,90,23,7,2865
308011191,544,291,116,16,3361
308011192,706,211,72,28,6079
308031205,333,231,141,51,2699
308031206,155,66,33,4,729
308031207,508,358,199,101,2504
308031208,627,329,172,50,3985
308031209,360,170,42,4,2490
308031210,569,227,111,40,4439
308031211,223,164,63,19,1784
308031212,251,190,66,20,1102
308031213,650,321,174,58,4358
308031214,284,173,121,59,2056
308031215,398,193,116,127,2869
308031216,427,224,186,74,2668
308031217,244,131,72,26,1438
308031218,318,229,74,22,1559
308031219,463,246,72,12,1896
308031220,218,126,42,8,1217
308031221,0,8,0,0,10
308031222,596,356,225,170,3838
308031223,1467,924,458,195,8461
308041528,521,273,128,28,3183
308041529,294,118,82,18,2324
308051530,634,423,122,11,2721
308051531,720,285,102,46,4454
308051532,0,8,0,0,7
308051533,627,227,106,22,5710
308051534,458,190,116,38,2984
308051535,727,372,117,32,5057
308051536,212,105,30,8,1568
308051537,0,0,0,0,0
308051538,328,110,29,16,2688
308051539,304,167,96,20,2183
309011224,632,504,229,75,4133
309011225,783,559,251,129,5038
309011226,914,704,461,188,6791
309011227,952,620,324,94,7210
309011228,857,654,351,122,6074
309011229,494,343,144,51,3985
309021230,632,417,236,119,3340
309021231,1098,688,320,158,6191
309021232,707,488,269,108,4207
309021233,949,673,358,145,5813
309021234,1125,752,356,154,7607
309031235,692,573,286,106,4909
309031236,652,430,197,77,4482
309031237,712,758,488,175,4852
309031238,1266,1019,560,286,9398
309031239,922,855,331,114,4833
309031240,853,855,462,202,4746
309041241,461,291,69,20,2313
309041242,1532,1109,457,115,7649
309051243,758,429,143,77,3636
309051244,1376,824,352,67,8783
309051245,436,290,89,12,3705
309061246,1060,756,330,70,6079
309061247,580,389,221,65,3853
309061248,1356,973,467,307,9459
309061249,841,481,140,20,8113
309061250,752,477,217,159,4028
309071251,524,263,57,10,5864
309071252,1288,857,387,152,8074
309071253,1149,1043,407,150,6042
309071254,307,194,61,19,1628
309071255,948,586,202,39,8402
309071256,1010,504,192,42,7318
309071257,318,193,62,33,4040
309071258,1327,788,242,94,13448
309081259,368,330,202,120,2140
309081260,440,274,182,243,3429
309081261,1734,1224,633,243,11601
309081262,832,522,291,212,7574
309091263,879,633,369,255,5845
309091264,405,229,74,21,2985
309091265,689,314,96,37,4155
309091540,805,664,401,232,7868
309091541,1201,968,506,203,9113
309101267,759,541,258,112,4440
309101268,355,303,106,26,2293
309101269,445,404,174,41,2415
309101270,1766,1450,614,217,14173
310011271,244,100,52,9,2272
310011272,374,289,224,142,3412
310011273,1551,830,375,135,12612
310011274,639,397,237,70,6013
310011275,447,288,193,144,4119
310011276,245,136,43,18,3918
310021277,912,695,305,79,4977
310021278,525,422,175,43,2233
310021279,0,3,0,0,3
310021280,1324,998,368,100,8335
310021281,1009,629,220,42,5729
310021282,897,533,212,57,5279
310031283,534,393,205,42,4409
310031284,524,334,161,35,3803
310031285,357,228,84,17,2793
310031286,487,263,128,61,3058
310031287,1087,664,443,171,7734
310031288,353,162,60,10,2137
310031289,482,240,56,9,2649
310031290,577,304,90,14,3162
310031291,391,231,115,28,2953
310031292,411,286,206,57,2761
310031293,811,486,267,97,6111
310031294,226,84,25,3,2158
310031295,170,115,96,59,1184
310041296,626,257,77,20,6275
310041297,630,349,118,26,4025
310041298,0,0,0,0,3
310041299,445,208,102,30,3276
310041300,458,317,115,41,4094
310041301,0,0,0,0,0
310041302,717,323,96,18,6951
310041303,268,118,37,8,2814
310041304,468,201,60,9,7031
311011305,963,729,314,94,5674
311021306,488,332,130,48,3351
311021307,682,698,367,91,5121
311021308,359,197,83,30,3070
311021309,351,246,132,39,2433
311021310,431,240,75,18,2683
311031311,711,516,298,115,4818
311031312,386,187,56,33,3000
311031313,325,191,63,7,2111
311031314,458,211,74,13,4105
311031315,0,0,0,0,0
311031316,527,282,97,34,3456
311031317,535,320,113,24,5007
311031318,333,170,50,15,1885
311031319,909,380,124,29,6309
311041320,805,411,96,18,5411
311041321,1388,705,194,55,10871
311041322,578,319,84,12,3135
311051323,542,472,347,180,4644
311051324,761,432,101,52,4141
311051325,707,441,139,20,4983
311051326,535,348,110,15,4373
311051327,1005,502,133,24,5709
311051328,342,296,142,48,2786
311061329,493,328,90,17,3286
311061330,506,324,105,24,3778
311061331,246,201,64,9,1955
311061332,1055,742,241,63,7444
311061333,538,341,136,39,4006
311061334,697,477,137,38,4462
311061335,347,172,50,7,3014
311061336,516,346,176,84,4328
312011337,646,491,211,81,3933
312011338,493,164,35,3,4002
312011339,188,117,40,15,1510
312011340,256,168,61,13,1369
312011341,335,65,11,3,4011
312021342,886,476,200,62,6259
312021343,252,141,80,76,1669
312021344,688,234,65,8,5631
312021345,0,0,0,0,3
312021346,291,116,69,18,1813
312021347,71,32,3,0,342
312021348,817,385,244,69,4959
312021349,423,245,183,74,2758
312021350,274,123,64,10,2222
312021351,491,221,88,43,3405
312021352,861,519,197,41,4936
312021353,682,458,159,28,3499
312021354,386,172,41,7,2504
312021355,273,156,52,14,1436
312021356,450,243,124,36,2937
312021357,602,274,109,24,3592
312021358,452,235,168,95,2946
312031359,922,535,143,20,7403
312031360,0,0,0,0,0
312031361,745,437,178,73,3745
313011362,1244,1293,572,120,6642
313011363,1730,2093,1120,445,8648
313021364,282,166,45,17,1726
313021365,1514,1095,617,472,11383
313021366,1051,685,308,132,7873
313021367,251,168,51,10,1741
313021368,448,251,91,22,3298
313021369,355,211,49,15,1816
313031370,428,324,120,25,2251
313031371,613,433,138,54,4118
313041372,951,540,225,82,6042
313041373,1324,1064,619,289,9188
313041374,454,230,68,9,2192
313041375,944,475,130,25,7910
313041376,235,145,42,9,1375
313051377,625,467,214,131,3847
313051378,1029,746,282,101,5617
313051379,890,742,444,183,4996
313051380,986,936,576,360,7296
313051542,1254,974,464,165,6312
314011382,1285,693,338,146,7721
314011383,1191,487,151,27,8645
314011384,785,487,131,26,4265
314011385,568,261,76,15,3886
314011386,1564,1120,312,79,11758
314011387,1333,763,213,40,6385
314021388,1191,789,305,157,10049
314021389,857,518,212,87,7941
314021390,1196,761,316,99,13798
314031391,611,332,131,98,4362
314031392,354,262,129,71,2753
314031393,659,323,88,27,4048
314031394,686,513,180,47,5265
315011395,40,12,0,0,255
315011396,560,344,94,22,3189
315011397,84,53,10,3,423
315011398,51,14,0,0,406
315011399,115,28,9,0,919
315011400,550,343,109,25,3142
315011401,224,69,10,3,1703
315011402,178,61,11,0,1642
315011403,193,46,4,0,1907
315021404,232,120,40,5,1506
315021405,922,385,122,29,8207
315021406,217,96,35,11,1490
315021407,182,111,39,17,1199
315031408,303,191,96,17,1785
315031409,279,108,74,30,1606
315031410,141,89,37,10,855
315031411,213,105,38,11,1050
315031412,302,142,74,36,1665
316011413,1547,1283,802,474,8857
316011414,1479,980,428,110,8487
316011415,633,331,127,39,5258
316011416,421,403,365,181,4689
316021417,786,523,301,121,4612
316021418,595,439,216,84,3301
316021419,668,610,361,250,3633
316021420,1071,938,638,181,9066
316021421,1066,1156,533,181,5798
316021422,714,529,276,110,3907
316021423,745,581,317,142,4642
316021424,554,357,186,57,3821
316031425,1319,817,373,149,7713
316031426,1045,728,298,69,5535
316031427,1621,1252,714,327,10055
316031428,1125,753,378,194,6635
316051434,523,563,203,63,2567
316051435,987,971,455,159,4776
316051437,747,444,140,31,3572
316051438,829,875,524,340,5087
316051543,418,272,147,30,2127
316051544,426,434,178,64,3524
316061439,592,431,178,106,3645
316061440,1131,1100,416,119,4816
316061441,464,376,145,39,2712
316061442,893,488,178,34,4830
316061443,821,638,230,45,3381
316061444,1041,708,278,103,5298
316071545,625,488,256,98,4053
316071546,364,287,120,25,1878
316071547,1090,715,194,43,5320
316071548,1466,1011,556,308,9246
316081549,2421,1713,593,140,11048
317011445,515,260,85,17,3172
317011446,759,543,334,222,6413
317011447,564,431,308,158,4440
317011448,324,219,147,62,2845
317011449,391,189,65,11,2766
317011450,1183,731,255,71,6325
317011451,862,520,180,57,4921
317011452,608,418,278,213,3571
317011453,608,354,182,87,4242
317011454,359,264,109,32,2693
317011455,719,517,343,169,4299
317011456,921,613,327,189,6556
317011457,944,571,260,111,5253
317011458,819,399,160,90,5670
317011459,764,625,375,106,5301
318011460,568,407,231,80,3591
318011461,564,400,158,67,3039
318011462,482,342,195,54,3026
318011463,264,203,67,7,1446
318011464,322,216,181,67,1779
318011465,594,397,171,50,2703
318011466,64,11,5,0,496
318021467,307,189,138,45,2174
318021468,695,340,137,50,4926
318021469,275,205,112,93,1739
318021470,383,177,53,9,3217
318021471,520,413,217,64,4180
318021472,436,333,154,45,2737
318021473,978,470,126,19,9785
318021474,363,166,43,14,3604
318021475,491,272,130,44,3260
318021476,432,247,151,38,3299
318021477,238,185,101,33,1619
318021478,381,195,91,25,2604
318021479,326,188,95,41,2199
318021480,605,340,107,20,4245
318021481,554,322,132,41,3122
318021482,960,443,136,43,6812
318021483,413,248,97,23,1388
318021484,519,228,58,14,4221
318021485,288,179,173,130,1792
318021486,581,406,114,11,2955
318021487,341,177,64,13,3127
318021488,420,224,90,31,2835
318021489,425,250,76,13,2057
318021490,877,474,159,51,5542
318021491,413,230,129,21,3042
319011492,295,240,201,107,2132
319011493,1617,1224,569,108,7636
319011494,361,251,69,14,1916
319011495,411,270,154,46,2701
319011496,351,256,143,38,2265
319011497,526,437,302,89,2980
319011498,832,629,178,41,3895
319011499,953,841,298,74,4270
319011500,509,357,301,169,3014
319011501,320,254,202,87,2232
319011502,641,484,325,125,4175
319021503,449,341,185,60,2660
319021504,464,364,127,34,2089
319021505,680,415,241,109,4282
319021506,628,548,278,88,3566
319021507,357,224,82,21,1702
319021508,281,213,127,36,1537
319021509,862,779,299,52,3995
319021510,0,0,0,0,0
319031511,681,769,279,50,2857
319031512,962,699,418,254,5960
319031513,492,368,192,57,2729
319031514,1873,1253,409,72,8518
319031515,314,249,95,7,1482
319041516,467,305,101,13,2133
319041517,488,400,122,12,2339
319041518,918,1178,735,217,6185
319041519,503,468,254,91,2632
319041520,1245,1089,634,255,6842
319041521,1132,954,421,92,5674
319051522,934,902,305,66,4277
319051523,237,193,87,30,1279
319051524,1356,1036,598,190,7787
319051525,1039,780,233,38,3891
319051526,484,399,148,40,2421
397979799,15,15,6,3,71
399999499,1426,1050,215,24,7409
401011001,902,699,229,74,9586
401011002,608,600,268,171,4442
401021003,742,466,134,33,3492
401021004,2144,1479,455,137,9937
401021005,476,342,145,93,2321
401021006,885,546,207,68,4417
401021007,1236,883,370,133,8241
401021008,659,331,96,30,3155
401021009,320,212,63,12,2362
401021010,630,428,114,30,2912
401031011,1839,1362,650,284,10277
401031012,1018,785,359,180,5320
401031013,1582,1360,700,443,9186
401041014,750,544,210,38,4420
401041015,1103,794,597,231,8932
401041016,1445,1027,708,278,10814
401051017,931,716,329,134,6154
401051018,788,568,351,223,6234
401051019,1261,744,298,142,7313
401061020,572,283,96,55,3278
401061021,1238,595,212,112,7622
401061022,773,596,313,148,4294
401071023,1702,1058,409,233,10062
401071024,1873,1310,583,504,11498
402011025,610,294,138,45,3935
402011026,1449,989,530,238,8651
402011027,358,198,45,13,2205
402021028,931,432,190,94,6996
402021029,564,301,186,36,5823
402021030,458,352,323,140,3550
402021031,698,458,341,157,4946
402021032,419,218,85,19,4570
402021033,283,164,47,18,1266
402021034,608,357,242,97,4155
402021035,233,163,117,16,1434
402031036,1132,696,359,231,10102
402031037,1304,1039,502,197,12342
402031038,1190,695,432,208,10210
402041039,0,0,0,0,0
402041040,793,799,353,113,6246
402041041,896,596,302,66,6251
402041042,0,0,0,0,71
402041043,744,465,250,59,6136
402041044,784,350,92,23,5640
402041046,860,607,417,176,6348
402041047,1143,747,387,149,7151
402041048,668,357,178,56,5818
402041171,599,299,85,55,6735
402041172,420,266,150,51,3139
402051049,832,495,279,104,4849
402051050,622,280,105,21,4017
402051051,857,737,284,55,5247
402051052,928,843,587,309,7595
402051053,1573,915,347,87,8882
402051054,1238,919,352,78,7640
402051055,888,761,426,150,6033
403011056,1469,1112,567,354,7590
403011057,2024,1421,716,414,11199
403021058,913,504,262,120,6861
403021059,1304,692,216,64,6324
403021060,830,630,291,90,4877
403021061,916,702,473,182,7260
403021062,978,655,387,352,7217
403021063,777,278,102,74,4772
403021064,1062,731,404,234,7428
403031065,518,416,212,108,2716
403031066,620,566,303,115,4156
403031067,1188,923,402,120,6616
403031068,1280,670,294,284,8093
403031069,1698,1232,504,280,8925
403031070,549,473,336,150,4101
403041071,1077,581,233,107,5791
403041072,1081,771,329,96,7039
403041073,559,438,204,62,3812
403041074,775,586,364,219,4852
403041075,374,248,62,5,1436
403041076,437,300,84,21,2346
403041077,969,738,198,64,5425
403041078,481,356,140,57,2754
403041079,489,341,134,43,3062
403041080,1150,817,341,121,6673
403041081,0,0,0,0,0
403041082,0,5,0,0,16
403041083,540,443,216,123,2979
403041084,871,695,300,148,5921
403041085,567,545,215,42,4076
403041086,652,493,223,119,4572
403041087,1512,988,470,207,10259
403041088,360,224,98,20,1696
403041089,761,477,276,90,5036
404011090,490,229,117,73,3615
404011091,792,565,370,139,6362
404011092,1205,757,394,112,7345
404011093,1195,520,251,120,8888
404011094,332,193,110,60,2566
404011095,1097,815,484,309,7457
404011096,1347,1186,529,194,7060
404011097,1020,501,240,121,7667
404021098,0,0,0,0,0
404021099,1282,692,261,181,7230
404021100,1249,705,328,126,6345
404021101,760,437,184,68,4651
404021102,758,455,243,166,7012
404021103,0,0,0,0,0
404031104,0,0,0,0,0
404031105,234,115,111,74,1315
404031106,865,505,293,192,6373
404031107,1286,974,666,514,12378
404031108,989,471,244,119,8344
404031109,393,316,163,69,2601
405011110,619,360,132,36,2861
405011111,748,404,148,46,3843
405011112,534,311,122,37,2931
405011113,239,144,48,19,1225
405011114,435,378,151,64,2745
405011115,413,232,124,93,2154
405021116,333,238,113,43,1821
405021117,516,352,114,38,2243
405021118,371,255,113,20,1678
405021119,667,516,228,104,3595
405031120,382,247,96,58,1884
405031121,547,336,154,64,2178
405031122,848,584,326,128,5139
405031123,270,180,73,12,1349
405041124,369,264,123,69,2161
405041125,434,444,191,64,2034
405041126,321,281,168,71,1639
405041127,598,560,263,116,2858
405041128,375,339,117,42,1615
406011129,155,100,39,32,1070
406011130,515,344,138,83,2689
406011131,295,201,78,48,1634
406011132,173,77,37,21,833
406011133,1129,722,367,126,6856
406011134,308,140,50,21,1405
406011135,5,0,0,0,49
406011136,1395,909,575,177,9085
406011137,0,0,0,0,0
406021138,98,29,11,7,721
406021139,156,132,61,6,872
406021140,234,156,57,14,955
406021141,272,109,38,16,1426
406021142,924,609,245,95,5850
406021143,188,25,5,3,1856
407011144,1149,1304,706,272,5511
407011145,482,338,142,53,2197
407011146,602,496,218,96,3317
407011147,743,582,141,24,3630
407011148,1279,1611,883,396,6880
407011149,700,599,195,51,2774
407021150,420,279,100,32,2641
407021151,311,254,117,51,1642
407021152,367,248,138,98,2031
407021154,329,228,131,76,2364
407021155,176,112,26,9,901
407021156,203,139,48,22,1201
407021157,428,255,124,90,2691
407021158,277,167,57,17,1321
407021173,881,647,301,120,5942
407021174,886,575,335,151,5631
407031159,538,328,133,62,2552
407031160,241,189,105,46,1656
407031161,194,138,70,27,1122
407031162,349,246,140,69,2132
407031163,127,73,28,5,632
407031164,566,469,192,52,2642
407031165,983,751,396,145,6860
407031166,310,203,52,14,1582
407031167,243,220,159,102,1760
407031168,369,250,57,22,1946
407031169,341,271,112,34,1964
407031170,535,412,160,71,2797
497979799,0,0,0,0,3
499999499,247,159,30,10,1595
501011001,552,405,164,66,2753
501011002,1951,1605,874,382,12067
501011003,930,666,248,54,5414
501011004,716,356,150,50,4580
501021005,1263,762,288,74,7823
501021007,423,276,71,19,2310
501021008,450,281,120,66,3149
501021009,632,436,194,68,3664
501021010,297,161,58,8,1444
501021011,3,0,0,0,8
501021012,716,468,303,152,5152
501021014,650,457,198,45,3903
501021015,487,282,158,53,3033
501021016,307,225,153,61,1811
501021251,415,241,65,14,3982
501021252,371,162,45,10,1526
501021253,1180,738,376,161,6365
501021254,330,213,96,15,2125
501031017,664,545,196,49,2983
501031018,624,431,173,59,2806
501031019,371,225,139,54,2173
501031020,538,410,165,26,2293
502011021,599,547,203,20,3309
502011022,757,678,274,73,4187
502011023,562,470,519,144,3985
502011024,1410,1295,703,220,8534
502011025,754,607,388,173,4353
502011026,521,451,198,41,2534
502011027,1012,652,371,160,8030
502011028,773,751,491,209,4524
502011029,574,496,320,88,3946
503011030,702,423,368,157,3718
503011031,791,714,466,256,5127
503011032,916,586,247,120,4685
503011033,829,396,190,93,4380
503011034,988,780,369,145,6113
503011035,1720,1373,628,248,10967
503011036,941,620,325,133,4914
503021037,0,4,0,0,10
503021038,739,328,108,58,6315
503021039,1443,787,310,172,10036
503021040,687,312,173,90,5195
503021041,2012,1111,450,149,22665
503021042,1563,1234,612,236,10638
503021043,1279,827,457,303,11004
504011044,1086,667,324,146,7548
504011045,1637,833,547,375,12342
504011046,827,518,190,122,7991
504011047,1278,962,522,156,10381
504011048,718,498,222,76,3794
504021049,377,200,75,13,3269
504021050,808,593,210,39,3876
504021051,406,316,130,25,2540
504021052,0,3,0,0,8
504021053,1236,851,295,108,6450
504021054,911,696,356,146,5425
504031055,0,0,0,0,3
504031056,1257,528,232,68,7459
504031057,960,474,142,40,7795
504031058,392,219,70,17,2408
504031059,1324,717,395,175,15733
504031060,290,149,65,8,1396
504031061,287,179,108,25,2024
504031062,552,316,141,32,4830
504031063,0,0,0,0,3
504031064,0,0,0,0,0
504031065,375,265,114,24,2369
504031066,752,449,283,204,5346
504031067,356,184,82,12,2765
504031068,710,414,110,27,4671
504031069,0,0,0,0,0
505011070,682,373,136,53,4851
505011071,945,414,176,60,6600
505011072,1442,1022,329,154,8031
505011073,1003,925,281,77,6763
505011074,886,462,148,34,5219
505011075,1176,627,204,54,5621
505011076,780,236,76,4,4327
505011077,1167,579,255,94,7291
505011078,1292,683,335,249,6559
505011079,1025,694,224,77,5852
505011080,784,425,150,25,4023
505011081,650,427,122,35,4167
505011082,1164,801,242,70,5277
505011083,928,396,157,60,4562
505021084,877,747,452,214,7692
505021085,851,553,266,45,8068
505021086,1700,1156,834,271,11877
505021087,0,0,0,0,0
505021088,1094,610,356,246,9760
505021089,1641,1262,598,265,10676
505021090,789,457,308,89,9272
505021091,0,0,0,0,7
505021092,1073,619,320,100,9748
505021093,909,543,239,70,7228
505021094,776,552,256,85,4212
505021095,652,390,232,149,7009
505021096,1223,809,622,162,7758
505021097,1156,715,576,452,8848
505031098,727,364,172,33,4458
505031099,782,590,461,232,9955
505031100,680,294,79,20,7463
505031101,595,280,95,14,6072
505031102,412,287,116,21,3246
505031103,1073,587,327,88,11298
505031104,536,334,170,131,4170
505031105,1267,625,280,106,8968
505031106,0,0,0,0,4
505031107,636,361,214,38,6007
505031108,1547,985,403,165,11782
505031255,226,130,28,3,4018
505031256,57,40,11,0,341
505031257,221,164,82,7,1396
505031258,454,391,207,99,4090
506011110,975,702,452,174,7837
506011111,0,0,0,0,3
506011112,390,208,98,34,2273
506011113,639,252,66,16,9585
506011114,738,528,236,134,4801
506011115,735,495,234,48,3881
506011116,691,534,132,34,3599
506011117,407,175,77,22,4095
506021118,873,560,312,146,7318
506021119,978,542,253,138,9583
506021120,0,0,0,0,0
506021121,3,0,0,0,28
506021122,1384,799,495,191,13171
506021123,1028,520,208,66,8820
506031124,950,704,575,644,11122
506031125,778,393,120,23,4818
506031126,0,0,0,0,0
506031127,711,399,189,49,9265
506031128,1048,646,345,132,6819
506031129,1117,820,497,248,7184
506031130,4,4,0,0,15
506031131,1488,976,319,101,9084
506041132,916,600,275,77,8244
506041133,1154,523,213,90,11281
506041134,1071,771,518,202,8328
506041135,903,465,154,30,8246
506041136,758,479,304,135,5693
506041137,1526,988,455,109,10197
506051138,1076,605,296,123,8297
506051139,687,463,260,56,5299
506051140,1406,1226,614,169,7749
506051141,1025,827,401,113,5719
506061142,683,321,101,35,6915
506061143,442,237,71,18,2736
506061144,369,251,107,21,2286
506071145,1154,691,369,218,8640
506071146,978,626,329,269,6100
506071147,1617,1034,377,174,10156
507011148,711,338,136,60,8272
507011150,0,0,0,0,5
507011151,0,0,0,0,0
507011152,650,384,184,46,4147
507011153,557,329,180,39,3995
507011154,694,462,254,153,5351
507011155,0,0,0,0,8
507011158,274,127,43,10,1483
507011159,776,376,207,105,5602
507011160,660,460,274,154,4820
507011161,611,238,116,59,7341
507011163,467,180,77,17,3462
507011259,389,198,67,11,3845
507011260,283,172,33,9,1323
507021164,849,454,214,102,4362
507021165,1538,1031,456,156,9403
507021166,1328,761,362,160,7894
507021167,3,0,0,0,12
507031169,464,204,56,6,6530
507031170,384,235,188,76,3165
507031172,5,0,3,0,31
507031173,8,0,0,0,15
507031174,604,404,214,47,4463
507031261,343,178,42,7,3590
507041175,1201,795,431,209,6514
507041176,348,254,104,31,2066
507041177,1144,779,461,257,7674
507041178,1298,925,501,260,8235
507041179,708,605,318,230,4265
507041180,1273,591,163,55,5666
507041181,1287,835,587,310,8691
507041182,1109,711,467,284,6745
507041183,246,166,127,65,2333
507041184,701,406,126,38,3212
507051185,1332,796,291,47,14928
507051186,587,381,203,74,3547
507051187,722,354,210,126,5862
507051188,1210,934,622,214,7595
507051189,0,0,0,0,5
507051190,955,741,486,212,5633
507051191,760,388,164,23,8682
507051192,853,448,220,80,5460
507051193,689,371,180,41,4643
509011225,1220,940,603,344,6931
509011226,418,243,60,19,1649
509011227,415,256,125,30,2214
509011228,672,595,244,61,3134
509011229,212,122,46,12,1201
509011230,287,178,104,47,1815
509011231,321,197,106,39,1735
509011232,426,260,91,23,2051
509011233,654,459,182,48,4326
509011234,480,344,145,48,2315
509011235,0,0,0,0,0
509021236,464,301,126,16,2492
509021237,293,185,114,45,1586
509021238,278,182,72,41,1512
509021239,781,627,264,57,3770
509021240,343,196,100,43,1924
509021241,288,177,74,29,1827
509021242,207,110,50,28,1275
509021243,907,591,267,98,4966
509021244,536,433,135,16,2171
509021245,554,483,226,56,2488
509031246,280,200,99,45,1452
509031247,294,165,71,12,1667
509031248,181,127,51,4,1107
509031249,365,235,127,47,2087
509031250,418,263,102,42,1979
510011262,1045,382,106,30,7276
510011263,435,178,36,15,3079
510011264,152,58,18,3,1297
510011265,496,188,40,6,3288
510011266,116,53,13,4,789
510021267,403,77,8,3,4031
510021268,221,35,4,0,2276
510021269,282,77,12,4,2469
510021270,453,118,29,13,4494
510031271,896,119,10,0,8179
510031272,760,180,27,6,7866
510031273,283,69,16,3,2994
511011274,851,562,301,117,5346
511011275,299,173,64,8,1660
511021276,389,209,94,36,2225
511021277,327,233,49,18,2214
511031278,444,173,53,10,2888
511031279,803,301,112,29,6194
511031280,493,170,64,9,4051
511031281,0,0,0,0,3
511031282,297,147,50,8,1885
511031283,273,102,24,4,2102
511031284,0,0,0,0,0
511041285,905,577,409,164,5323
511041286,474,252,95,16,3348
511041287,449,284,113,20,3364
511041288,679,338,126,26,4470
511041289,306,268,121,28,1573
511041290,246,119,23,6,1579
511041291,327,196,63,20,1644
511041292,542,378,148,37,2549
597979799,31,4,3,0,338
599999499,633,368,58,13,3820
601011001,335,235,72,19,2149
601011002,282,169,79,9,2069
601011003,379,184,84,42,2025
601021004,597,438,266,112,3128
601021005,828,428,163,66,3833
601021006,294,167,105,23,1587
601021007,853,780,432,115,5218
601021008,650,529,371,277,3782
601021009,211,203,111,58,1832
601021010,150,89,66,15,1407
601021011,285,192,87,20,2243
601021012,546,264,72,14,2266
601031013,260,165,99,19,1663
601031014,352,207,149,54,2269
601031015,441,313,238,90,2991
601031016,246,167,78,21,1706
601031017,629,453,276,135,4318
601031018,393,235,182,81,2140
601031019,384,180,99,39,2382
601031020,419,296,188,49,2406
601031021,274,156,73,23,1731
601041022,861,570,307,119,5423
601041023,1045,766,339,91,5404
601041024,660,386,153,47,3742
601041025,0,0,0,0,0
601041026,460,319,153,62,2116
601051027,727,490,243,117,4931
601051028,814,462,201,76,4661
601051029,446,318,96,32,2608
601051030,539,310,145,109,3237
601051031,1124,960,491,245,7171
601051032,571,393,173,108,3632
601051033,633,336,100,36,3474
601061034,768,447,140,30,3532
601061035,635,477,228,84,3739
602011036,209,119,49,15,1386
602011037,243,208,118,92,1867
602011038,554,343,134,52,2939
602011039,322,261,141,80,1938
602011040,162,101,68,28,1467
602011041,451,347,162,51,3288
602011042,342,300,189,68,2392
602011043,318,290,161,110,1824
602011044,468,331,193,75,2826
602011045,164,166,64,14,1187
602011046,618,374,180,82,3205
602011047,304,187,117,68,2209
602011048,311,225,106,38,1994
602011049,441,277,120,28,2411
602011050,232,131,67,31,1414
602011051,373,251,96,18,2170
602011052,330,254,163,79,2062
602021053,395,348,151,34,1695
602021054,506,384,164,72,2444
602021055,641,470,198,46,2860
602021056,263,146,55,14,1421
602021057,354,277,108,26,1808
602031058,438,245,89,16,1964
602031059,520,449,202,40,2730
602031060,302,277,151,42,1715
602031061,266,214,94,19,1452
602031062,469,314,147,23,2281
602031064,699,573,210,71,2762
602031099,122,94,31,6,474
602031100,535,406,186,61,2593
603011065,173,152,49,12,820
603011066,286,186,60,6,1335
603011067,467,283,99,38,2326
603011068,0,0,0,0,6
603021069,432,396,127,20,1693
603021070,510,408,126,26,2169
603021071,399,295,91,19,1663
603021072,714,438,213,49,3839
603031073,305,260,106,41,1207
603031074,483,509,192,73,2143
604011075,147,155,79,21,1199
604011076,487,263,79,22,2229
604011077,296,156,71,17,1593
604011078,422,274,222,85,2618
604011079,478,299,160,60,2357
604011080,227,142,72,20,1412
604011081,303,209,130,30,1656
604011082,569,383,250,80,2970
604011083,304,237,150,59,1677
604011084,478,343,230,71,2564
604021085,969,796,492,252,5893
604021086,343,279,137,37,1777
604021087,289,244,132,41,1830
604021088,268,174,88,15,1533
604021089,571,455,211,54,2687
604021090,226,140,41,16,1301
604021091,555,395,121,44,2734
604021092,308,224,85,11,1502
604031093,173,99,60,19,770
604031094,308,154,56,16,1556
604031095,244,133,86,22,1425
604031096,378,244,66,9,1664
604031097,329,200,97,10,1665
604031098,0,0,0,0,0
697979799,5,7,0,0,44
699999499,78,50,10,0,517
701011001,0,0,0,0,10
701011002,492,182,33,9,4513
701011003,0,0,0,0,8
701011004,294,198,91,51,2046
701011005,288,134,44,7,2385
701011006,170,103,34,6,1295
701011007,196,103,23,4,1643
701011008,327,117,27,11,2583
701011009,215,79,18,3,1708
701021010,136,110,30,5,1084
701021011,190,97,25,3,1124
701021012,109,53,6,5,588
701021013,268,153,49,3,2076
701021014,0,0,0,0,0
701021015,0,0,0,0,0
701021016,206,98,51,12,1678
701021017,0,0,0,0,4
701021018,113,73,27,4,861
701021019,341,130,29,10,2125
701021020,400,167,50,4,2293
701021021,138,56,16,0,2292
701021022,420,178,41,9,2283
701021023,161,90,39,3,1341
701021024,154,83,26,0,948
701021025,293,201,36,12,2340
701021026,292,138,48,11,2034
701021027,186,130,75,44,1404
701021028,131,60,23,3,997
701021029,140,75,31,5,923
701021030,163,94,22,3,1177
701031031,613,205,37,16,4872
701031032,653,333,62,8,4359
701031033,0,0,0,0,11
701031034,323,139,41,4,1742
701031035,367,179,38,3,2339
701041036,154,41,18,4,1437
701041037,184,57,20,0,1403
701041038,261,80,15,5,2121
701041039,190,99,39,16,1484
701041040,152,71,24,0,1168
701041041,209,78,40,12,2086
701041042,68,14,0,0,1536
701041043,204,63,32,7,3117
701041044,159,66,24,0,1460
702011045,366,143,45,15,2136
702011046,467,188,39,9,2731
702011047,304,124,48,11,2179
702011048,375,127,42,10,2415
702011049,312,106,37,9,2174
702011050,158,46,12,8,1429
702011051,280,148,41,24,1236
702011052,162,47,18,0,1638
702011053,107,32,3,0,832
702011054,62,12,3,0,406
702021055,67,36,4,0,707
702021056,224,89,23,0,1254
702031057,435,264,48,14,2224
702031058,86,40,11,0,581
702031059,59,16,3,0,652
702031060,76,18,3,4,523
702031061,131,35,9,3,1350
702041062,105,31,5,0,1006
702041063,233,63,16,0,1777
702041064,226,67,7,0,1637
702051065,97,56,16,3,748
702051066,160,62,16,0,1230
702051067,701,334,130,21,5105
702051068,104,39,13,3,969
797979799,3,0,3,0,60
799999499,284,173,22,0,1635
801011001,250,215,111,30,1456
801011002,251,171,117,88,4416
801011003,388,255,135,108,4420
801011004,182,127,50,18,1393
801011005,264,214,125,23,1730
801011006,373,193,72,15,3171
801011007,439,289,61,16,2760
801011008,428,216,77,23,2365
801011009,281,254,64,12,1716
801011010,206,176,43,4,1074
801011011,304,217,47,17,1786
801011012,0,0,0,0,4
801011013,256,290,124,23,1710
801011014,200,189,77,8,1557
801011015,276,314,116,72,2381
801011016,734,462,129,28,3914
801011017,278,209,68,13,1858
801011018,7,0,0,0,81
801011019,336,245,62,15,3391
801011020,190,156,84,18,1516
801011021,317,168,46,7,1452
801011022,269,245,92,20,1652
801011023,168,161,189,166,1739
801011024,165,156,76,18,1567
801011025,217,181,53,8,1317
801011026,251,231,115,35,1514
801011111,3,3,0,0,11
801011112,4,0,0,0,9
801031031,21,10,0,0,423
801031032,3,0,0,0,17
801031113,109,70,23,3,466
801031114,0,5,0,0,50
801031115,18,17,3,4,108
801041034,333,134,65,7,2773
801041035,166,71,6,5,3269
801041036,187,74,19,0,3020
801041037,176,90,33,4,2589
801041038,183,73,15,8,2163
801041039,199,66,15,0,3616
801041040,317,109,33,12,3358
801041043,29,24,17,0,137
801041044,243,94,33,0,4103
801041045,0,0,0,0,3
801041046,532,257,113,16,5211
801041047,694,364,144,27,3652
801041048,420,221,66,19,2879
801041116,0,0,0,0,0
801041117,0,0,0,0,0
801041118,12,4,0,0,336
801041119,0,0,0,0,3
801041120,0,0,0,0,54
801041121,0,0,0,0,0
801041122,0,0,0,0,0
801051049,6,4,0,0,845
801051050,514,279,187,140,3067
801051051,228,136,59,24,3867
801051053,181,86,20,13,2481
801051054,119,75,44,26,1343
801051055,241,145,94,34,2118
801051056,255,161,110,45,1766
801051057,397,243,142,94,3331
801051058,536,307,100,60,3381
801051060,272,193,63,29,2916
801051061,392,194,119,32,3535
801051123,0,0,0,0,0
801051124,352,246,123,91,2109
801051125,9,0,0,0,731
801051126,0,0,0,0,4
801051127,167,138,49,15,1088
801051128,0,0,0,0,0
801061062,302,248,142,90,1753
801061063,196,160,66,31,1115
801061064,462,312,144,129,3122
801061066,0,0,0,0,0
801061067,583,275,192,187,3578
801061068,0,0,0,0,5
801061069,361,233,88,59,1835
801061070,381,422,131,56,1923
801061129,162,132,22,10,1128
801061130,3,3,0,0,22
801061131,374,216,96,34,3423
801071071,280,117,45,14,2173
801071072,317,135,41,8,1859
801071073,548,186,77,45,2886
801071074,506,179,46,8,2424
801071075,369,138,68,19,2343
801071076,444,230,43,8,1673
801071077,210,97,21,13,1248
801071078,543,260,118,26,3522
801071079,352,177,57,9,1582
801071080,140,121,50,15,1172
801071081,312,159,94,19,2047
801071082,1381,1094,322,55,7624
801071083,176,76,12,3,802
801071084,579,276,204,201,2927
801071085,3,0,0,0,3
801071086,181,83,24,3,814
801071087,228,86,28,8,1300
801071088,313,97,21,5,1751
801071089,0,0,0,0,16
801071090,799,474,134,27,3842
801071132,0,0,0,0,3
801081091,300,310,109,32,1595
801081092,277,216,81,26,1713
801081093,226,177,111,49,1640
801081094,207,204,104,22,1464
801081095,237,242,76,10,1663
801081096,194,185,109,62,1169
801081097,222,174,100,33,1448
801081098,276,290,208,133,2092
801081133,0,0,0,0,0
801091099,184,133,84,20,1426
801091100,515,337,248,88,3086
801091101,292,239,146,72,1796
801091102,309,279,187,82,2112
801091103,303,204,157,119,1784
801091104,262,271,100,41,1364
801091105,203,174,162,42,1820
801091106,307,198,135,45,1930
801091107,124,97,34,8,576
801091108,247,198,126,30,1501
801091109,160,115,41,21,2060
801091110,190,141,84,24,1210
801101134,0,0,0,0,4
801101135,59,37,12,0,1051
801101136,0,0,0,0,0
801101137,0,0,0,0,0
801101138,0,0,0,0,0
801101139,120,48,17,3,1778
801111140,44,15,4,3,315
801111141,7,0,0,0,21
897979799,0,0,0,0,0
899999499,57,17,3,0,339
901011001,151,58,8,0,1027
901021002,42,16,9,0,216
901031003,23,12,3,0,218
901041004,205,146,71,24,877
997979799,0,0,0,0,4
999999499,4,4,0,0,31